,blog_url,full_blog_url
0,thinkprogress.org,https://thinkprogress.org/
1,dailykos.com,http://www.dailykos.com/
2,nytimes.com,http://www.nytimes.com/pages/politics/index.html
3,reddit.com,https://www.reddit.com/r/politics/
4,politicususa.com,http://www.politicususa.com/
5,newsbusters.org,http://www.newsbusters.org/
6,front.moveon.org,http://front.moveon.org/
7,thegatewaypundit.com,http://www.thegatewaypundit.com/
8,michellemalkin.com,http://michellemalkin.com/
9,thepoliticalinsider.com,http://thepoliticalinsider.com/
10,hotair.com,http://hotair.com/
11,talkingpointsmemo.com,http://talkingpointsmemo.com/
12,redstate.com,http://www.redstate.com/
13,order-order.com,http://order-order.com/
14,headlinepolitics.com,http://www.headlinepolitics.com/
15,redalertpolitics.com,http://redalertpolitics.com/
16,conservativehome.com,http://www.conservativehome.com/
17,ipolitics.ca,http://ipolitics.ca/
18,politics.co.uk,http://www.politics.co.uk/
19,realclearpolitics.com,http://www.realclearpolitics.com/
20,politico.eu,http://www.politico.eu/
21,jihadwatch.org,https://www.jihadwatch.org/
22,weeklystandard.com,http://www.weeklystandard.com/
23,crooksandliars.com,http://crooksandliars.com/politics
24,reddit.com,https://www.reddit.com/r/PoliticalDiscussion/
25,latimes.com,http://www.latimes.com/politics/
26,huffingtonpost.com,http://www.huffingtonpost.com/section/politics
27,vox.com,http://www.vox.com/policy-and-politics
28,theguardian.com,https://www.theguardian.com/politics/blog
29,fivethirtyeight.com,http://fivethirtyeight.com/politics/
30,blogs.wsj.com,http://blogs.wsj.com/washwire/
31,telegraph.co.uk,http://www.telegraph.co.uk/opinion/
32,motherjones.com,http://www.motherjones.com/politics
33,salon.com,http://www.salon.com/category/politics/
34,blogs.ft.com,http://blogs.ft.com/westminster/
35,boingboing.net,http://boingboing.net/tag/politics
36,nationalreview.com,http://www.nationalreview.com/corner
37,politics.blog.ajc.com,http://politics.blog.ajc.com/
38,reddit.com,https://www.reddit.com/r/ukpolitics/
39,chicago.suntimes.com,http://chicago.suntimes.com/section/politics/
40,reason.com,http://reason.com/blog
41,twitchy.com,http://twitchy.com/category/us-politics/
42,powerlineblog.com,http://www.powerlineblog.com/
43,dailysignal.com,http://dailysignal.com/category/politics-topics
44,macleans.ca,http://www.macleans.ca/politics/
45,therightscoop.com,http://therightscoop.com/
46,pamelageller.com,http://pamelageller.com/category/atlas-articles/
47,wonkette.com,http://wonkette.com/category/politics
48,politicalwire.com,https://politicalwire.com/
49,crikey.com.au,https://www.crikey.com.au/politics/
50,washingtonmonthly.com,http://washingtonmonthly.com/
51,cookpolitical.com,http://cookpolitical.com/
52,centerforpolitics.org,http://www.centerforpolitics.org/crystalball/
53,wingsoverscotland.com,http://wingsoverscotland.com/
54,digbysblog.blogspot.com,http://digbysblog.blogspot.com
55,americablog.com,http://americablog.com/
56,littlegreenfootballs.com,http://littlegreenfootballs.com/articleCategory/Politics
57,shadowproof.com,https://shadowproof.com/
58,labourlist.org,http://labourlist.org/
59,reddit.com,https://www.reddit.com/r/internationalpolitics/
60,feministing.com,http://feministing.com/
61,waynedupree.com,http://waynedupree.com/
62,miamiherald.typepad.com,http://miamiherald.typepad.com/nakedpolitics/
63,leftfootforward.org,http://leftfootforward.org/
64,hughhewitt.com,http://www.hughhewitt.com/
65,politicalbetting.com,http://politicalbetting.com/
66,libdemvoice.org,http://www.libdemvoice.org/
67,sluggerotoole.com,http://sluggerotoole.com/
68,threehundredeight.com,http://www.threehundredeight.com/
69,coloradopols.com,http://www.coloradopols.com/
70,talkleft.com,http://www.talkleft.com/
71,timworstall.com,http://www.timworstall.com/
72,johnredwoodsdiary.com,http://johnredwoodsdiary.com/
73,politicalresearch.org,http://www.politicalresearch.org/#
74,buzzmachine.com,http://buzzmachine.com/
75,labour-uncut.co.uk,http://labour-uncut.co.uk/
76,howeypolitics.com,http://howeypolitics.com/
77,coloradopeakpolitics.com,http://coloradopeakpolitics.com/
78,talkcarswell.com,http://www.talkcarswell.com/
79,alastaircampbell.org,http://www.alastaircampbell.org/
80,iaindale.com,http://www.iaindale.com/
81,yallpolitics.com,http://www.yallpolitics.com/
82,politicsguys.com,http://politicsguys.com/
83,krpoliticaljunkie.com,http://krpoliticaljunkie.com/
84,resistfromday1.org,https://www.resistfromday1.org/
85,politicalreform.ie,https://politicalreform.ie/
86,centralamericanpolitics.blogspot.com,http://centralamericanpolitics.blogspot.com
87,weeksnotice.blogspot.com,http://weeksnotice.blogspot.com
88,artgoldhammer.blogspot.com,http://artgoldhammer.blogspot.com
89,clarkcountypolitics.blogspot.com,http://clarkcountypolitics.blogspot.com
90,2politicaljunkies.blogspot.com,http://2politicaljunkies.blogspot.com
91,garyhasissues.com,http://garyhasissues.com/
92,notlegallybroken.com,http://www.notlegallybroken.com/
93,liberalalberta.com,http://liberalalberta.com/
94,stevesothinks.com,http://www.stevesothinks.com/
95,rocksolidpolitics.blogspot.com,http://rocksolidpolitics.blogspot.com
96,johnhilley.blogspot.com,http://johnhilley.blogspot.com
97,cariboopolitics.blogspot.com,http://cariboopolitics.blogspot.com
98,australian-politics.blogspot.com,http://australian-politics.blogspot.com
99,sgspolitics.blogspot.com,http://sgspolitics.blogspot.com
100,world-politics-101.blogspot.com,http://world-politics-101.blogspot.com
101,whitehouse.gov,https://www.whitehouse.gov/
102,blogs.spectator.co.uk,http://blogs.spectator.co.uk/
103,theroot.com,http://www.theroot.com/articles/category/politics/
104,annaraccoon.com,http://annaraccoon.com/category/politics/
105,intellectualconservative.com,http://intellectualconservative.com/
106,oldnorthstatepolitics.com,http://www.oldnorthstatepolitics.com/
107,primepoint.in,http://www.primepoint.in/
108,moampolitics.blogspot.com,http://moampolitics.blogspot.com
109,politico.com,http://www.politico.com/
