"","Blog"
"1","politicalticker.blogs.cnn.com"
"2","blog.heritage.org"
"3","thecable.foreignpolicy.com"
"4","blogs.suntimes.com"
"5","digbysblog.blogspot.com"
"6","prospect.org"
"7","blogs.the-american-interest.com"
"8","directorblue.blogspot.com"
"9","conservativedailynews.com"
"10","rightwingwatch.org"
"11","michellemalkin.com"
"12","blogs.reuters.com"
"13","delong.typepad.com"
"14","legaltimes.typepad.com"
"15","sultanknish.blogspot.com"
"16","hotair.com"
"17","economistsview.typepad.com"
"18","joshuapundit.blogspot.com"
"19","joemygod.blogspot.com"
"20","nicedeb.wordpress.com"
"21","globaleconomicanalysis.blogspot.com"
"22","conservativehome.blogs.com"
"23","speakwithauthority-jsm.blogspot.com"
"24","thenewcivilrightsmovement.com"
"25","crookedtimber.org"
"26","tpmmuckraker.talkingpointsmemo.com"
"27","patdollard.com"
"28","americanthinker.com"
"29","nomoremister.blogspot.com"
"30","atlasshrugs2000.typepad.com"
"31","althouse.blogspot.com"
"32","yidwithlid.blogspot.com"
"33","lonelyconservative.com"
"34","legalinsurrection.com"
"35","drezner.foreignpolicy.com"
"36","greatsatansgirlfriend.blogspot.com"
"37","americanpowerblog.blogspot.com"
"38","themoderatevoice.com"
"39","polhudson.lohudblogs.com"
"40","balkin.blogspot.com"
"41","blogs.cfr.org"
"42","freedomslighthouse.net"
"43","patterico.com"
"44","trevorloudon.com"
"45","keithhennessey.com"
"46","babalublog.com"
"47","downwithtyranny.blogspot.com"
"48","brainsandeggs.blogspot.com"
"49","moelane.com"
"50","papundits.wordpress.com"
"51","statepolitics.lohudblogs.com"
"52","shadow.foreignpolicy.com"
"53","blogs.dallasobserver.com"
"54","newsone.com"
"55","blogs.edweek.org"
"56","blog.foreignpolicy.com"
"57","neoneocon.com"
"58","ricks.foreignpolicy.com"
"59","isteve.blogspot.com"
"60","arkansasgopwing.blogspot.com"
"61","skydancingblog.com"
"62","prairieweather.typepad.com"
"63","sayanythingblog.com"
"64","powerofnarrative.blogspot.com"
"65","trailblazersblog.dallasnews.com"
"66","gothamschools.org"
"67","marezilla.com"
"68","theimmoralminority.blogspot.com"
"69","thepoliticalcarnival.net"
"70","blogs.ajc.com"
"71","dontmesswithtaxes.typepad.com"
"72","angrywhitedude.com"
"73","marathonpundit.blogspot.com"
"74","libertystreeteconomics.newyorkfed.org"
"75","betsyspage.blogspot.com"
"76","blog.norml.org"
"77","gritsforbreakfast.blogspot.com"
"78","religionclause.blogspot.com"
"79","the-classic-liberal.com"
"80","gatesofvienna.blogspot.com"
"81","arabist.net"
"82","healthaffairs.org"
"83","riverdaughter.wordpress.com"
"84","astuteblogger.blogspot.com"
"85","faustasblog.com"
"86","theincidentaleconomist.com"
"87","shakesville.com"
"88","ktcatspost.blogspot.com"
"89","rogerpielkejr.blogspot.com"
"90","blogs.mcclatchydc.com"
"91","taxprof.typepad.com"
"92","buchanan.org"
"93","cafehayek.com"
"94","the-reaction.blogspot.com"
"95","zandarvts.blogspot.com"
"96","xpostfactoid.blogspot.com"
"97","ncpa.org"
"98","niqnaq.wordpress.com"
"99","liberalvaluesblog.com"
"100","texasfred.net"
"101","cognidissidence.blogspot.com"
"102","preaprez.wordpress.com"
"103","aconservativeteacher.blogspot.com"
"104","theuglytruth.wordpress.com"
"105","afpak.foreignpolicy.com"
"106","pageonekentucky.com"
"107","dailypundit.com"
"108","roarkmj.blogspot.com"
"109","barkbarkwoofwoof.com"
"110","theimpolitic.blogspot.com"
"111","uprisingradio.org"
"112","beerswithdemo.blogspot.com"
"113","prawfsblawg.blogs.com"
"114","capitolcommentary.com"
"115","hennessysview.com"
"116","johnrlott.blogspot.com"
"117","baselinescenario.com"
"118","hg.scimth.net"
"119","ibloga.blogspot.com"
"120","littlegreenfootballs.com"
"121","uppitywis.org"
"122","libertarianchristians.com"
"123","dagblog.com"
"124","rightwingliberal.wordpress.com"
"125","gunwatch.blogspot.com"
"126","middleclasspoliticaleconomist.blogspot.com"
"127","swacgirl.blogspot.com"
"128","dogwalkmusings.blogspot.com"
"129","susiemadrak.com"
"130","garyfouse.blogspot.com"
"131","jonathanturley.org"
"132","transgriot.blogspot.com"
"133","motorcitytimes.com"
"134","blogs.chicagotribune.com"
"135","freekeene.com"
"136","valley-of-the-shadow.blogspot.com"
"137","tbogg.firedoglake.com"
"138","thinkmarkets.wordpress.com"
"139","jatticus.wordpress.com"
"140","aphilosopher.wordpress.com"
"141","autonomousmind.wordpress.com"
"142","boiseguardian.com"
"143","sandrarose.com"
"144","blog.simplejustice.us"
"145","marcmasferrer.typepad.com"
"146","tammybruce.com"
"147","marginalrevolution.com"
"148","rogerailes.blogspot.com"
"149","randysroundtable.blogspot.com"
"150","creepingsharia.wordpress.com"
"151","thedaleygator.wordpress.com"
"152","booksbikesboomsticks.blogspot.com"
"153","jessescrossroadscafe.blogspot.com"
"154","thinkprogress.org"
"155","justabovesunset.wordpress.com"
"156","notlarrysabato.typepad.com"
"157","michael-in-norfolk.blogspot.com"
"158","voxverax.blogspot.com"
"159","mediamatters.org"
"160","miamiherald.typepad.com"
"161","courageinamerica.com"
"162","mgpaquin.wordpress.com"
"163","dissectleft.blogspot.com"
"164","redflagnews.com"
"165","sonoranalliance.com"
"166","blogs.orlandosentinel.com"
"167","politicomafioso.blogspot.com"
"168","tarpon.wordpress.com"
"169","boudicabpi.wordpress.com"
"170","democurmudgeon.blogspot.com"
"171","faultlineusa.blogspot.com"
"172","startthinkingright.wordpress.com"
"173","blogs.mcall.com"
"174","escapetyranny.com"
"175","alhittin.com"
"176","bloodthirstyliberal.com"
"177","georgiaunfiltered.blogspot.com"
"178","ohio15th.blogspot.com"
"179","swordattheready.wordpress.com"
"180","blog.reidreport.com"
"181","pleasecutthecrap.typepad.com"
"182","immigrationimpact.com"
"183","opinion-forum.com"
"184","seeingredaz.wordpress.com"
"185","aftermathnews.wordpress.com"
"186","citizentom.com"
"187","irregulartimes.com"
"188","massdiscussion.blogspot.com"
"189","sentencing.typepad.com"
"190","cannonfire.blogspot.com"
"191","patricksperry.wordpress.com"
"192","pnhp.org"
"193","hinterlandgazette.com"
"194","malcontends.blogspot.com"
"195","threesurethingsoflife.wordpress.com"
"196","bloggingblue.com"
"197","historyunfolding.blogspot.com"
"198","libertarian-neocon.blogspot.com"
"199","reflectionsofarationalrepublican.com"
"200","afeatheradrift.wordpress.com"
"201","goldwatergal.com"
"202","hoosieraccess.com"
"203","moot.typepad.com"
"204","ochairball.blogspot.com"
"205","paradigmsanddemographics.blogspot.com"
"206","quiscus.wordpress.com"
"207","richardhowe.com"
"208","elephantsinthebluegrass.blogspot.com"
"209","michaelklonsky.blogspot.com"
"210","thewildernessofmirrors.wordpress.com"
"211","togetrichisglorious.blogspot.com"
"212","moneyedpoliticians.net"
"213","progressillinois.com"
"214","progressiveerupts.blogspot.com"
"215","pumasunleashed.wordpress.com"
"216","afjjusticewatch.blogspot.com"
"217","channel-surfing.blogspot.com"
"218","field-negro.blogspot.com"
"219","hallofrecord.blogspot.com"
"220","hrblogs.typepad.com"
"221","ken_ashford.typepad.com"
"222","markcrispinmiller.com"
"223","normanhooben.blogspot.com"
"224","thepoliticalenvironment.blogspot.com"
"225","1389blog.com"
"226","ataxingmatter.blogs.com"
"227","blogs.denverpost.com"
"228","blogs.e-rockford.com"
"229","insideclimatenews.org"
"230","jamespwillis.blogspot.com"
"231","rturner229.blogspot.com"
"232","thurbersthoughts.blogspot.com"
"233","grassrootsindependent.blogspot.com"
"234","law.marquette.edu"
"235","libertarianalliance.wordpress.com"
"236","masonconservative.typepad.com"
"237","mitchellplitnick.com"
"238","monicamemo.typepad.com"
"239","taxjustice.blogspot.com"
"240","jeh15.wordpress.com"
"241","lagringasblogicito.blogspot.com"
"242","davedubya.com"
"243","fredfryinternational.blogspot.com"
"244","legalschnauzer.blogspot.com"
"245","simplyleftbehind.blogspot.com"
"246","thomasjeffersonclubblog.wordpress.com"
"247","danshaviro.blogspot.com"
"248","judgesonmerit.org"
"249","legalplanet.wordpress.com"
"250","thecitysquare.blogspot.com"
"251","aboveavgjane.blogspot.com"
"252","ajacksonian.blogspot.com"
"253","amerpundit.com"
"254","bobagard.blogspot.com"
"255","grand-divisions.blogspot.com"
"256","jeffwinbush.com"
"257","blog.vivianpaige.com"
"258","bonddad.blogspot.com"
"259","emilylhauserinmyhead.wordpress.com"
"260","kingfish1935.blogspot.com"
"261","libertystreet.wordpress.com"
"262","modeducation.blogspot.com"
"263","patriotwarrior.org"
"264","texaslawyer.typepad.com"
"265","asiafoundation.org"
"266","rwcg.wordpress.com"
"267","2012.talkingpointsmemo.com"
"268","aaa-fund.com"
"269","activistpost.com"
"270","adamsweb.us"
"271","alarmingnews.com"
"272","albertmohler.com"
"273","algemeiner.com"
"274","allamericanblogger.com"
"275","americanfreedombybarbara.com"
"276","ammoland.com"
"277","amptoons.com"
"278","andyworthington.co.uk"
"279","antiwar.com"
"280","articles.businessinsider.com"
"281","assets.newamerica.net"
"282","azizonomics.com"
"283","back2stonewall.com"
"284","balloon-juice.com"
"285","becker-posner-blog.com"
"286","bilerico.com"
"287","blackagendareport.com"
"288","blackfive.net"
"289","bleedingheartlibertarians.com"
"290","blueamerica.crooksandliars.com"
"291","bluegrasspundit.com"
"292","bluemassgroup.com"
"293","blueoregon.com"
"294","bluestemprairie.com"
"295","bobkrumm.com"
"296","bookwormroom.com"
"297","boortz.com"
"298","boxturtlebulletin.com"
"299","businessinsider.com"
"300","bytegeist.firedoglake.com"
"301","calculatedriskblog.com"
"302","californiaprogressreport.com"
"303","captainsjournal.com"
"304","chinausfocus.com"
"305","commoncts.blogspot.com"
"306","community.feministing.com"
"307","counterterrorism.newamerica.net"
"308","coyoteblog.com"
"309","crethiplethi.com"
"310","crimefilenews.com"
"311","crooksandliars.com"
"312","dailycaller.com"
"313","dailypaul.com"
"314","deanesmay.com"
"315","debate-central.ncpa.org"
"316","defencetalk.com"
"317","delawareliberal.net"
"318","democracyarsenal.org"
"319","dennismansfield.com"
"320","dissenter.firedoglake.com"
"321","dohiyimir.org"
"322","dorfonlaw.org"
"323","douthat.blogs.nytimes.com"
"324","driftglass.blogspot.com"
"325","earlyed.newamerica.net"
"326","echidneofthesnakes.blogspot.com"
"327","economicpolicyjournal.com"
"328","edmoney.newamerica.net"
"329","elections.firedoglake.com"
"330","english.economicpolicyjournal.com"
"331","eschatonblog.com"
"332","estateofdenial.com"
"333","fas.org"
"334","fdlaction.firedoglake.com"
"335","fem2pt0.com"
"336","feministing.com"
"337","firedoglake.com"
"338","first-draft.com"
"339","floppingaces.net"
"340","frcblog.com"
"341","frontporchrepublic.com"
"342","futuretense.newamerica.net"
"343","gawker.com"
"344","gaypatriot.net"
"345","georgiatipsheet.com"
"346","goodasyou.org"
"347","goodolewoody.wordpress.com"
"348","hillaryis44.org"
"349","historiann.com"
"350","hurryupharry.org"
"351","idealab.talkingpointsmemo.com"
"352","independentpoliticalreport.com"
"353","inversecondemnation.com"
"354","iwpr.org"
"355","jammiewf.com"
"356","jesuslives.co.za"
"357","juancole.com"
"358","juliansanchez.com"
"359","justoneminute.typepad.com"
"360","justsaynow.firedoglake.com"
"361","krugman.blogs.nytimes.com"
"362","laborunionreport.com"
"363","lafiga.firedoglake.com"
"364","laobserved.com"
"365","legalbuds.net"
"366","liberalconspiracy.org"
"367","liberaloasis.com"
"368","litigationandtrial.com"
"369","livewire.talkingpointsmemo.com"
"370","lnmc.crooksandliars.com"
"371","longwarjournal.org"
"372","loonwatch.com"
"373","m.spokesman.com"
"374","maggiesnotebook.com"
"375","mahablog.com"
"376","mediabistro.com"
"377","mediaite.com"
"378","mererhetoric.com"
"379","michaelnugent.com"
"380","michellesmirror.com"
"381","mofopolitics.com"
"382","monbiot.com"
"383","moneymorning.com"
"384","motherjones.com"
"385","mrc.org"
"386","my.firedoglake.com"
"387","nakedcapitalism.com"
"388","newamerica.net"
"389","newgeography.com"
"390","news.firedoglake.com"
"391","news.talkingpointsmemo.com"
"392","newstalgia.crooksandliars.com"
"393","nhinsider.com"
"394","nhpr.org"
"395","noisyroom.net"
"396","northdecoder.com"
"397","nwprogressive.org"
"398","occasionalplanet.org"
"399","occidentaldissent.com"
"400","occupyamerica.crooksandliars.com"
"401","ohiodailyblog.com"
"402","openmarket.org"
"403","opensecrets.org"
"404","ordinary-gentlemen.com"
"405","outsidethebeltway.com"
"406","overlawyered.com"
"407","pamshouseblend.firedoglake.com"
"408","patriotboy.blogspot.com"
"409","peachpundit.com"
"410","pensitoreview.com"
"411","pinknews.co.uk"
"412","plunderbund.com"
"413","politisite.com"
"414","popehat.com"
"415","professorbainbridge.com"
"416","publiusforum.com"
"417","punditandpundette.com"
"418","purpleunions.com"
"419","queerty.com"
"420","race42012.com"
"421","rawstory.com"
"422","reason.com"
"423","redstate.com"
"424","ricochet.com"
"425","righttruth.typepad.com"
"426","rightwingnews.com"
"427","rising-hegemon.blogspot.com"
"428","ritholtz.com"
"429","roaringrepublican.com"
"430","rumromanismrebellion.net"
"431","saysuncle.com"
"432","scholarsandrogues.com"
"433","scotusblog.com"
"434","scpronet.com"
"435","sentryjournal.com"
"436","shark-tank.net"
"437","sisu.typepad.com"
"438","smallwarsjournal.com"
"439","spokesman.com"
"440","stoptheaclu.com"
"441","taxfoundation.org"
"442","taylormarsh.com"
"443","techdirt.com"
"444","texasgopvote.com"
"445","the-richmonder.com"
"446","theaugeanstables.com"
"447","theblaze.com"
"448","theconglomerate.org"
"449","thedemocraticstrategist.org"
"450","thelibertypapers.org"
"451","theospark.net"
"452","thepeoplesview.net"
"453","thepinkflamingoblog.com"
"454","thepiratescove.us"
"455","therightplanet.com"
"456","theusreport.com"
"457","thoughtsandrantings.com"
"458","tigerhawk.blogspot.com"
"459","towleroad.com"
"460","tpmdc.talkingpointsmemo.com"
"461","truth-2-power.com"
"462","truthdig.com"
"463","unitedliberty.org"
"464","varight.com"
"465","video.feministing.com"
"466","videocafe.crooksandliars.com"
"467","zerohedge.com"
"468","politicalwire.com"
"469","newsbusters.org"
"470","weeklystandard.com"
"471","politicalbetting.com"
"472","weeksnotice.blogspot.com"
"473","2politicaljunkies.blogspot.com"
"474","alastaircampbell.org"
"475","americablog.com"
"476","annaraccoon.com/category/pol.."
"477","artgoldhammer.blogspot.com"
"478","australian-politics.blogspot.."
"479","blogs.ft.com/westminster"
"480","blogs.spectator.co.uk"
"481","blogs.wsj.com/washwire"
"482","boingboing.net/tag/politics"
"483","buzzmachine.com"
"484","cariboopolitics.blogspot.com"
"485","centerforpolitics.org/crysta.."
"486","centralamericanpolitics.blog.."
"487","chicago.suntimes.com/section.."
"488","clarkcountypolitics.blogspot.."
"489","coloradopeakpolitics.com"
"490","coloradopols.com"
"491","conservativehome.com"
"492","cookpolitical.com"
"493","crikey.com.au/politics"
"494","crooksandliars.com/politics"
"495","dailykos.com"
"496","dailysignal.com/category/pol.."
"497","fivethirtyeight.com/politics"
"498","front.moveon.org"
"499","garyhasissues.com"
"500","howeypolitics.com"
"501","huffingtonpost.com/section/p.."
"502","hughhewitt.com"
"503","iaindale.com"
"504","intellectualconservative.com"
"505","ipolitics.ca"
"506","jihadwatch.org"
"507","johnhilley.blogspot.com"
"508","johnredwoodsdiary.com"
"509","krpoliticaljunkie.com"
"510","labour-uncut.co.uk"
"511","labourlist.org"
"512","latimes.com/politics"
"513","leftfootforward.org"
"514","libdemvoice.org"
"515","liberalalberta.com"
"516","littlegreenfootballs.com/art.."
"517","macleans.ca/politics"
"518","miamiherald.typepad.com/nake.."
"519","moampolitics.blogspot.com"
"520","motherjones.com/politics"
"521","nationalreview.com/corner"
"522","nytimes.com/pages/politics/i.."
"523","oldnorthstatepolitics.com"
"524","order-order.com"
"525","pamelageller.com/category/at.."
"526","politicalreform.ie"
"527","politicalresearch.org/#"
"528","politico.com"
"529","politico.eu"
"530","politics.blog.ajc.com"
"531","politics.co.uk"
"532","politicsguys.com"
"533","politicususa.com"
"534","powerlineblog.com"
"535","primepoint.in"
"536","realclearpolitics.com"
"537","reason.com/blog"
"538","redalertpolitics.com"
"539","reddit.com/r/internationalpo.."
"540","reddit.com/r/PoliticalDiscus.."
"541","reddit.com/r/politics"
"542","reddit.com/r/ukpolitics"
"543","rocksolidpolitics.blogspot.com"
"544","salon.com/category/politics"
"545","sgspolitics.blogspot.com"
"546","shadowproof.com"
"547","sluggerotoole.com"
"548","talkcarswell.com"
"549","talkingpointsmemo.com"
"550","talkleft.com"
"551","telegraph.co.uk/opinion"
"552","thegatewaypundit.com"
"553","theguardian.com/politics/blog"
"554","therightscoop.com"
"555","theroot.com/articles/categor.."
"556","threehundredeight.com"
"557","timworstall.com"
"558","twitchy.com/category/us-poli.."
"559","vox.com/policy-and-politics"
"560","washingtonmonthly.com"
"561","waynedupree.com"
"562","whitehouse.gov"
"563","wingsoverscotland.com"
"564","wonkette.com/category/politics"
"565","world-politics-101.blogspot.com"
"566","yallpolitics.com"
